[
  {
    "case_id": "SHORT_S4_F0p1",
    "duration_id": "SHORT0p8",
    "spec_id": "S4",
    "flux_id": "F0p1",
    "flux_scale": 0.1,
    "sky_id": "G5"
  },
  {
    "case_id": "SHORT_S4_F1",
    "duration_id": "SHORT0p8",
    "spec_id": "S4",
    "flux_id": "F1",
    "flux_scale": 1.0,
    "sky_id": "G5"
  },
  {
    "case_id": "SHORT_S4_F10",
    "duration_id": "SHORT0p8",
    "spec_id": "S4",
    "flux_id": "F10",
    "flux_scale": 10.0,
    "sky_id": "G5"
  },
  {
    "case_id": "SHORT_S5_F0p1",
    "duration_id": "SHORT0p8",
    "spec_id": "S5",
    "flux_id": "F0p1",
    "flux_scale": 0.1,
    "sky_id": "G5"
  },
  {
    "case_id": "SHORT_S5_F1",
    "duration_id": "SHORT0p8",
    "spec_id": "S5",
    "flux_id": "F1",
    "flux_scale": 1.0,
    "sky_id": "G5"
  },
  {
    "case_id": "SHORT_S5_F10",
    "duration_id": "SHORT0p8",
    "spec_id": "S5",
    "flux_id": "F10",
    "flux_scale": 10.0,
    "sky_id": "G5"
  },
  {
    "case_id": "LONG_S1_F0p1",
    "duration_id": "LONG60",
    "spec_id": "S1",
    "flux_id": "F0p1",
    "flux_scale": 0.1,
    "sky_id": "G1"
  },
  {
    "case_id": "LONG_S1_F1",
    "duration_id": "LONG60",
    "spec_id": "S1",
    "flux_id": "F1",
    "flux_scale": 1.0,
    "sky_id": "G1"
  },
  {
    "case_id": "LONG_S1_F10",
    "duration_id": "LONG60",
    "spec_id": "S1",
    "flux_id": "F10",
    "flux_scale": 10.0,
    "sky_id": "G1"
  },
  {
    "case_id": "LONG_S2_F0p1",
    "duration_id": "LONG60",
    "spec_id": "S2",
    "flux_id": "F0p1",
    "flux_scale": 0.1,
    "sky_id": "G1"
  },
  {
    "case_id": "LONG_S2_F1",
    "duration_id": "LONG60",
    "spec_id": "S2",
    "flux_id": "F1",
    "flux_scale": 1.0,
    "sky_id": "G1"
  },
  {
    "case_id": "LONG_S2_F10",
    "duration_id": "LONG60",
    "spec_id": "S2",
    "flux_id": "F10",
    "flux_scale": 10.0,
    "sky_id": "G1"
  }
]